"7","KA.603/SK.36/DJKA/05/2011","2011-05-11","SK Dirjen tentang Perubahan dan Penetapan Identitas 96 unit Gerbong dan 4 unit Lokomotif milik PT TEL","8","100","https://drive.google.com/file/d/1MPL3JWpkrX8Bm3EcA5fmhIbWvMT0mPjO/view?usp=sharing",NULL,NULL
"8","KA.603/SK.44/DJKA/06/11","2011-06-06","SK Dirjen tentang Perubahan dan Penetapan Identitas 383 unit Lokomotif milik PT KAI","2","383","https://drive.google.com/file/d/127nXl4WkpjN1bEruq_e0J6vanHIkGGP-/view?usp=sharing",NULL,NULL
"9","KA.405/SK.94/DJKA/09/2011","2011-09-22","SK Dirjen tentang Perubahan dan Penetapan Identitas 3123 unit Gerbong Milik PT KAI","2","3123","https://drive.google.com/file/d/1aQIMqPGBysVIlm0F0OD2B-Oetcl_bYQ5/view?usp=sharing",NULL,NULL
"10","PL.303/SK/127/DJKA/12/2011","2011-12-15","SK Dirjen tentang Penetapan Identitas 4 unit Peralatan Khusus Milik PT Thamrin Citra Mulia","10","4","https://drive.google.com/file/d/1Kkt8CTqDbpI7ow0504J2Us7zL5r241ak/view?usp=sharing",NULL,NULL
"11","PL.303/SK.129/DJKA/12/2011","2011-12-16","SK Dirjen tentang Penetapan Identitas 11 unit K3 Milik Negara","1","11","https://drive.google.com/file/d/1fIdf2834_OSHTMFvkgoRdppAujQVAhen/view?usp=sharing",NULL,NULL
"12","PL.303/SK.130/DJKA/12/2011","2011-12-16","SK Dirjen tentang Penetapan Identitas 3 unit Peralatan Khusus milik PT Kharisma Abadi","9","3","https://drive.google.com/file/d/1nItXL3mXhKMNxxJ685X5pg6bhxw57VxO/view?usp=sharing",NULL,NULL
"13","KA.405/SK.20/DJKA/2/12","2012-02-14","SK Dirjen tentang Perubahan dan Penetapan Identitas 40 unit KRL milik PT KCJ","3","40","https://drive.google.com/file/d/1paCBu-zSpxaKOWgO-nFJbHsapLqrfovB/view?usp=sharing",NULL,NULL
"14","KA.405/SK.15/DJKA/2/12","2012-02-14","SK Dirjen tentang Perubahan dan Penetapan Identitas 20 unit KRL milik PT KCJ","3","20","https://drive.google.com/file/d/12lgI4kwMz27KniqhqGk42OZZy6jesnCg/view?usp=sharing",NULL,NULL
"15","KA.405/SK.56/DJKA/3/12","2012-03-15","SK Dirjen tentang Penetapan Identitas ...","1","3","https://drive.google.com/file/d/18MQVHFIYww8VmQ4-XSHtg2Y-7o-4CwD7/view?usp=sharing",NULL,NULL
"16","KA.405/SK.57/DJKA/3/12","2012-03-15","SK Dirjen tentang Penetapan Identitas ...","1","25","https://drive.google.com/file/d/17RUyDXKTfAsYv7LFXALFgDKCyzOoippK/view?usp=sharing",NULL,NULL
"17","KA.405/SK.58/DJKA/3/12","2012-03-15","SK Dirjen tentang Penetapan Identitas ...","1","1","https://drive.google.com/file/d/13L7NVMA_wMxZdvG6-FdtIUuSfL4LTbzu/view?usp=sharing",NULL,NULL
"18","KA.405/SK.59/DJKA/3/12","2012-03-15","SK Dirjen tentang Penetapan Identitas ...","1","3","https://drive.google.com/file/d/1736ir24SB6-3O1xe79bsr3icUGJFVLrB/view?usp=sharing",NULL,NULL
"19","KA.405/SK.60/DJKA/3/12","2012-03-15","SK Dirjen tentang Penetapan Identitas ...","1","40","https://drive.google.com/file/d/1l1DPToBUVRuNL2MZwIwWe69A6fMiMXoL/view?usp=sharing",NULL,NULL
"20","KA.405/SK.61/DJKA/3/12","2012-03-15","SK Dirjen tentang Penetapan Identitas ...","1","12","https://drive.google.com/file/d/1gZ5xWK737NS6WxQCIa4R-deMO37_QOGj/view?usp=sharing",NULL,NULL
"21","KA.405/SK.62/DJKA/3/12","2012-03-15","SK Dirjen tentang Penetapan Identitas ...","1","24","https://drive.google.com/file/d/1NtJdkrqcdsNTQLC9oMeiHcinwNMPw2kt/view?usp=sharing",NULL,NULL
"22","KA.405/SK.77/DJKA/3/12","2012-03-28","SK Dirjen tentang Penetapan Identitas ...","3","20","https://drive.google.com/file/d/1OXmPeZ2jMcgMjON-j1r6Nu_5NhyBXDim/view?usp=sharing",NULL,NULL
"23","KA.405/SK.78/DJKA/3/12","2012-03-28","SK Dirjen tentang Penetapan Identitas ...","3","20","https://drive.google.com/file/d/10mJLkf7yHiJSEPc3_cCC0kZZd0JFrgco/view?usp=sharing",NULL,NULL
"24","KA.405/SK.201/DJKA/8/2012","2012-08-31","SK Dirjen tentang Penetapan Identitas ...","2","110","https://drive.google.com/file/d/1zgMoMwQcTrA04xK5R7ek-vvMMkwvMDBS/view?usp=sharing",NULL,NULL
"25","KA.405/SK.221/DJKA/10/12","2012-10-01","SK Dirjen tentang Penetapan Identitas ...","1","55","https://drive.google.com/file/d/1znJahVW1I1AmPkgdHICg8oSzhIFnjFrS/view?usp=sharing",NULL,NULL
"26","KA.405/SK.222/DJKA/10/12","2012-10-01","SK Dirjen tentang Penetapan Identitas ...","3","30","https://drive.google.com/file/d/1RTPbU_UtlBOfwbA6QRHSbyfnXRGiR34f/view?usp=sharing",NULL,NULL
"27","KA.405/SK.243/DJKA/11/12","2012-11-07","SK Dirjen tentang Penetapan Identitas ...","2","1617",NULL,NULL,NULL
"28","KA.405/SK.253/DJKA/11/2012","2012-11-19","SK Dirjen tentang Penetapan Identitas ...","2","20",NULL,NULL,NULL
"29","KA.405/SK.290/DJKA/12/2012","2012-12-28","SK Dirjen tentang Penetapan Identitas ...","3","542",NULL,NULL,NULL
"30","KA.405/SK.291/DJKA/12/2012","2012-12-28","SK Dirjen tentang Penetapan Identitas ...","3","118",NULL,NULL,NULL
"31","KA.405/SK.292/DJKA/3/12","2012-12-28","SK Dirjen tentang Penetapan Identitas ...","2","3",NULL,NULL,NULL
"32","KA.405/SK.12/DJKA/1/2013","2013-01-22","SK Dirjen tentang Penetapan Identitas ...","2","58",NULL,NULL,NULL
"33","KA.405/SK.24/DJKA/2/2013","2013-02-11","SK Dirjen tentang Penetapan Identitas ...","3","60",NULL,NULL,NULL
"34","KA.405/SK.4/DJKA/1/2014","2014-01-17","SK Dirjen tentang Penetapan Identitas ...","2","144",NULL,NULL,NULL
"35","KA.405/SK.83/DJKA/3/2014","2014-03-10","SK Dirjen tentang Penetapan Identitas ...","1","3",NULL,NULL,NULL
"36","KA.405/SK.112/DJKA/3/2014","2014-03-18","SK Dirjen tentang Penetapan Identitas ...","4","16",NULL,NULL,NULL
"37","KA.405/SK.128/DJKA/4/2014","2014-04-07","SK Dirjen tentang Penetapan Identitas ...","3","20",NULL,NULL,NULL
"38","KA.405/SK.129/DJKA/4/2014","2014-04-07","SK Dirjen tentang Penetapan Identitas ...","3","20",NULL,NULL,NULL
"39","KA.405/SK.211/DJKA/7/14","2014-07-10","SK Dirjen tentang Penetapan Identitas ...","1","8",NULL,NULL,NULL
"40","KA.405/SK.214/DJKA/7/2014","2014-07-18","SK Dirjen tentang Penetapan Identitas ...","3","90",NULL,NULL,NULL
"41","KA.405/SK.220/DJKA/7/2014","2014-07-22","SK Dirjen tentang Penetapan Identitas ...","2","600",NULL,NULL,NULL
"42","KA.405/SK.252/DJKA/9/2014","2014-09-22","SK Dirjen tentang Penetapan Identitas ...","1","2",NULL,NULL,NULL
"43","KA.405/SK.69/DJKA/4/2014","2015-04-08","SK Dirjen tentang Penetapan Identitas ...","2","280",NULL,NULL,NULL
"44"," KA.405/SK.122/DJKA/7/2015","2015-07-01","SK Dirjen tentang Penetapan Identitas ...","1","10",NULL,NULL,NULL
"45","KA.405/SK.120/DJKA/7/2015","2015-07-01","SK Dirjen tentang Penetapan Identitas ...","1","1",NULL,NULL,NULL
"46","KA.405/SK.121/DJKA/7/2015","2015-07-01","SK Dirjen tentang Penetapan Identitas ...","3","40",NULL,NULL,NULL
"47","KA.405/SK.123/DJKA/7/2015","2015-07-01","SK Dirjen tentang Penetapan Identitas ...","2","5",NULL,NULL,NULL
"48","KA.405/SK.124/DJKA/7/2015","2015-07-01","SK Dirjen tentang Penetapan Identitas ...","3","32",NULL,NULL,NULL
"49","KA.405/SK.125/DJKA/7/2015","2015-07-01","SK Dirjen tentang Penetapan Identitas ...","3","32",NULL,NULL,NULL
"50","KA.405/SK.126/DJKA/7/2015","2015-07-01","SK Dirjen tentang Penetapan Identitas ...","3","80",NULL,NULL,NULL
"51","KA.405/SK.128/DJKA/7/2015","2015-07-01","SK Dirjen tentang Penetapan Identitas ...","2","2",NULL,NULL,NULL
"52","KA.405/A.145/DJKA/7/15","2015-07-13","SK Dirjen tentang Penetapan Identitas ...","2","59",NULL,NULL,NULL
"53","KA.405/SK.167/DJKA/8/15","2015-08-18","SK Dirjen tentang Penetapan Identitas ...","3","24",NULL,NULL,NULL
"54","KA.405/SK.169/DJKA/8/15","2015-08-18","SK Dirjen tentang Penetapan Identitas ...","2","3",NULL,NULL,NULL
"55","KA.405/SK.177/DJKA/9/2015","2015-09-04","SK Dirjen tentang Penetapan Identitas ...","3","30",NULL,NULL,NULL
"56","KA.405/SK.213/DJKA/10/2015","2015-10-09","SK Dirjen tentang Penetapan Identitas ...","2","173",NULL,NULL,NULL
"57","KA.405/SK.214/DJKA/10/2015","2015-10-09","SK Dirjen tentang Penetapan Identitas ...","2","15",NULL,NULL,NULL
"58","KA.405/SK.247/DJKA/11/2015","2015-11-02","SK Dirjen tentang Penetapan Identitas ...","3","24",NULL,NULL,NULL
"59","KA.405/SK.248/DJKA/11/2015","2015-11-03","SK Dirjen tentang Penetapan Identitas ...","2","66",NULL,NULL,NULL
"60","KA.405/SK.268/DJKA/12/2015","2015-12-11","SK Dirjen tentang Penetapan Identitas ...","3","24",NULL,NULL,NULL
"61","KA.405/SK.269/DJKA/12/2015","2015-12-11","SK Dirjen tentang Penetapan Identitas ...","2","174",NULL,NULL,NULL
"62","KA.405/SK.270/DJKA/12/2015","2015-12-11","SK Dirjen tentang Penetapan Identitas ...","2","24",NULL,NULL,NULL
"63","KA.405/SK.271/DJKA/12/2015","2015-12-11","SK Dirjen tentang Penetapan Identitas ...","1","40",NULL,NULL,NULL
"64","KA.405/SK.272/DJKA/12/2015","2015-12-11","SK Dirjen tentang Penetapan Identitas ...","1","1",NULL,NULL,NULL
"65","KA.405/SK.21/DJKA/1/2016","2016-01-21","SK Dirjen tentang Penetapan Identitas ...","2","240",NULL,NULL,NULL
"66","KA.405/SK.33/DJKA/2/2016","2016-02-03","SK Dirjen tentang Penetapan Identitas ...","3","18",NULL,NULL,NULL
"67","KA.405/SK.38/DJKA/2/2016","2016-02-10","SK Dirjen tentang Penetapan Identitas ...","2","1370",NULL,NULL,NULL
"68","KA.405/SK.39/DJKA/2/2016","2016-02-10","SK Dirjen tentang Penetapan Identitas ...","2","1800",NULL,NULL,NULL
"69","KA.405/SK.62/DJKA/3/2016","2016-03-08","SK Dirjen tentang Penetapan Identitas ...","2","11",NULL,NULL,NULL
"70","KA.405/SK.63/DJKA/3/2016","2016-03-08","SK Dirjen tentang Penetapan Identitas ...","2","120",NULL,NULL,NULL
"71","KA.405/SK.117/DJKA/4/2016","2016-04-20","SK Dirjen tentang Penetapan Identitas ...","2","101",NULL,NULL,NULL
"72","KA.405/SK.118/DJKA/4/2016","2016-04-20","SK Dirjen tentang Penetapan Identitas ...","2","11",NULL,NULL,NULL
"73","KA.405/SK.157/DJKA/6/2016","2016-06-17","SK Dirjen tentang Penetapan Identitas ...","2","1",NULL,NULL,NULL
"74","KA.405/SK.158/DJKA/6/2016","2016-06-17","SK Dirjen tentang Penetapan Identitas ...","2","95",NULL,NULL,NULL
"75","KA.405/SK.173/DJKA/8/2016","2016-08-01","SK Dirjen tentang Penetapan Identitas ...","2","5",NULL,NULL,NULL
"76","KA.405/SK.199/DJKA/8/2016","2016-08-31","SK Dirjen tentang Penetapan Identitas ...","1","5",NULL,NULL,NULL
"77","KA.405/SK.215/DJKA/10/2016","2016-10-03","SK Dirjen tentang Penetapan Identitas ...","2","11",NULL,NULL,NULL
"78","KA.405/SK.216/DJKA/10/2016","2016-10-04","SK Dirjen tentang Penetapan Identitas ...","2","22",NULL,NULL,NULL
"79","KA.405/SK.225/DJKA/10/2016","2016-10-05","SK Dirjen tentang Penetapan Identitas ...","2","93",NULL,NULL,NULL
"80","KA.405/SK.226/DJKA/10/2016","2016-10-05","SK Dirjen tentang Penetapan Identitas ...","2","29",NULL,NULL,NULL
"81","KA.405/SK.227/DJKA/10/2016","2016-10-05","SK Dirjen tentang Penetapan Identitas ...","2","28",NULL,NULL,NULL
"82","KA.405/SK.228/DJKA/10/2016","2016-10-05","SK Dirjen tentang Penetapan Identitas ...","2","22",NULL,NULL,NULL
"83","KA.405/SK.229/DJKA/10/2016","2016-10-05","SK Dirjen tentang Penetapan Identitas ...","2","30",NULL,NULL,NULL
"84","KA.405/SK.230/DJKA/10/2016","2016-10-05","SK Dirjen tentang Penetapan Identitas ...","2","10",NULL,NULL,NULL
"85","KA.405/SK.262/DJKA/11/2016","2016-11-16","SK Dirjen tentang Penetapan Identitas ...","2","22",NULL,NULL,NULL
"86","KA.405/SK.320/DJKA/12/2016","2016-12-19","SK Dirjen tentang Penetapan Identitas ...","2","2",NULL,NULL,NULL
"87","KA.405/SK.01/DJKA/1/2017","2017-01-19","SK Dirjen tentang Penetapan Identitas ...","2","2",NULL,NULL,NULL
"88","KA.405/SK.02/DJKA/1/2017","2017-01-20","SK Dirjen tentang Penetapan Identitas ...","1","3",NULL,NULL,NULL
"89","KA.405/SK.03/DJKA/1/2017","2017-01-20","SK Dirjen tentang Penetapan Identitas ...","1","3",NULL,NULL,NULL
"90","KA.405/SK.05/DJKA/1/2017","2017-01-24","SK Dirjen tentang Penetapan Identitas ...","3","10",NULL,NULL,NULL
"91","KA.405/SK.06/DJKA/1/2017","2017-01-24","SK Dirjen tentang Penetapan Identitas ...","3","20",NULL,NULL,NULL
"92","KA.405/SK.07/DJKA/1/2017","2017-01-24","SK Dirjen tentang Penetapan Identitas ...","2","22",NULL,NULL,NULL
"93","KA.405/SK.12/DJKA/2/2017","2017-02-08","SK Dirjen tentang Penetapan Identitas ...","3","776",NULL,NULL,NULL
"94","KA.405/SK.17/DJKA/2/2017","2017-02-13","SK Dirjen tentang Penetapan Identitas ...","2","36",NULL,NULL,NULL
"95","KA.405/SK.19/DJKA/2/2017","2017-02-14","SK Dirjen tentang Penetapan Identitas ...","2","38",NULL,NULL,NULL
"96","KA.405/SK.20/DJKA/2/2017","2017-02-14","SK Dirjen tentang Penetapan Identitas ...","2","2",NULL,NULL,NULL
"97","KA.405/SK.32/DJKA/3/2017","2017-03-14","SK Dirjen tentang Penetapan Identitas ...","2","7",NULL,NULL,NULL
"98","KA.405/SK.55/DJKA/4/2017","2017-04-20","SK Dirjen tentang Penetapan Identitas ...","2","1",NULL,NULL,NULL
"99","KA.405/sk.79/DJKA/5/2017","2017-05-30","SK Dirjen tentang Penetapan Identitas ...","2","66",NULL,NULL,NULL
"100","KA.405/SK.89/DJKA/6/2017","2017-06-19","SK Dirjen tentang Penetapan Identitas ...","2","8",NULL,NULL,NULL
"101","KA.405/SK.100/DJKA/6/2017","2017-06-22","SK Dirjen tentang Penetapan Identitas ...","2","4",NULL,NULL,NULL
"102","KA.405/SK.101/DJKA/6/2017","2017-06-22","SK Dirjen tentang Penetapan Identitas ...","3","20",NULL,NULL,NULL
"103","KA.405/SK.142/DJKA/8/2017","2017-08-14","SK Dirjen tentang Penetapan Identitas ...","3","20",NULL,NULL,NULL
"104","KA.405/SK.143/DJKA/8/2017","2017-08-14","SK Dirjen tentang Penetapan Identitas ...","1","1",NULL,NULL,NULL
"105","KA.405/SK.144/DJKA/8/2017","2017-08-15","SK Dirjen tentang Penetapan Identitas ...","8","6",NULL,NULL,NULL
"106","KA.405/SK.145/DJKA/8/2017","2017-08-21","SK Dirjen tentang Penetapan Identitas ...","4","6",NULL,NULL,NULL
"107","KA.405/SK.170/DJKA/9/2017","2017-09-22","SK Dirjen tentang Penetapan Identitas ...","1","1",NULL,NULL,NULL
"108","KA.405/SK.187/DJKA/10/2017","2017-10-19","SK Dirjen tentang Penetapan Identitas ...","3","20",NULL,NULL,NULL
"109","KA.405/SK.278/DJKA/12/2017","2017-12-27","SK Dirjen tentang Penetapan Identitas ...","1","1",NULL,NULL,NULL
"110","KA.405/SK.279/DJKA/12/2017","2017-12-27","SK Dirjen tentang Penetapan Identitas ...","1","6",NULL,NULL,NULL
"111","KA.405/SK.280/DJKA/12/2017","2017-12-27","SK Dirjen tentang Penetapan Identitas ...","4","18",NULL,NULL,NULL
"112","KA.405/SK.281/DJKA/12/2017","2017-12-27","SK Dirjen tentang Penetapan Identitas ...","2","4",NULL,NULL,NULL
"113","KA.405/SK.307/DJKA/12/2017","2017-12-29","SK Dirjen tentang Penetapan Identitas ...","1","1",NULL,NULL,NULL
"114","KA.405/SK.308/DJKA/12/2017","2017-12-29","SK Dirjen tentang Penetapan Identitas ...","1","5",NULL,NULL,NULL
"115","KA.405/SK.25/DJKA/I/2018","2018-01-30","SK Dirjen tentang Penetapan Identitas 6 Trainset Yang terdiri Dari 36 unit KRL Bandara Soetta","4","36","https://drive.google.com/file/d/1U9lo__hLs043jVex_1pPz4yuxNYZbtWe/view?usp=sharing",NULL,NULL
"116","KA.405/SK.41/DJKA/II/2018","2018-02-22","SK Dirjen tentang Penetapan Identitas 96 unit KRL (MRT)","5","96","https://drive.google.com/file/d/1-PqA2R1OSR616FrnTlZdZyz2LNOAQcjY/view?usp=sharing",NULL,NULL
"117","KA.405/SK.34/DJKA/III/2018","2018-03-01","SK Dirjen tentang Penetapan Identitas 12 unit Kereta Yang Ditarik Lokomotif","2","12","https://drive.google.com/file/d/1b2eLMRGHnpnUGzb4DAZmu8yeuFHu59vc/view?usp=sharing",NULL,NULL
"118","KA.405/SK.44/DJKA/III/2018","2018-03-13","SK Dirjen tentang Penetapan Identitas 12 unit Kereta Yang Ditarik Lokomotif","2","12","https://drive.google.com/file/d/1B77Fp9sQemocx25yHjLjN9YWm1sghSFI/view?usp=sharing",NULL,NULL
"119","KA.405/SK.51/DJKA/4/2018","2018-04-05","SK Dirjen tentang Penetapan Identitas 20 unit Kereta Yang Ditarik Lokomotif","2","20","https://drive.google.com/file/d/1e-s7VTU_YvgOb3z5MWrHAClv5hjYb6KX/view?usp=sharing",NULL,NULL
"120","KA.405/SK.52/DJKA/4/2018","2018-04-05","SK Dirjen tentang Penetapan Identitas 12 unit Kereta Yang Ditarik Lokomotif","2","12","https://drive.google.com/file/d/1iSO8i8zMrEiE7m70LyVEK0YTzZdaEE5v/view?usp=sharing",NULL,NULL
"121","KA.405/SK.53/DJKA/4/2018","2018-04-05","SK Dirjen tentang Penetapan Identitas 1 Trainset Yang terdiri Dari 4 unit KRDE Bandara International Minangkabau (BIM)","2","4","https://drive.google.com/file/d/1Gvv5Co1qr9ulXNV2hDCETTwG_Bo90asm/view?usp=sharing",NULL,NULL
"122","KA.405/SK.54/DJKA/4/2018","2018-04-05","SK Dirjen tentang Penetapan Identitas 2 Trainset Yang terdiri Dari 8 unit KRDE Bandara International Adi Sumarmo (BIAS)","2","8","https://drive.google.com/file/d/13dWr6doYrzxkds0SmLxFnTstzp3cscRe/view?usp=sharing",NULL,NULL
"123","KA.405/SK.58/DJKA/4/2018","2018-04-11","SK Dirjen tentang Penetapan Identitas 24 unit Kereta Yang Ditarik Lokomotif","2","24","https://drive.google.com/file/d/1sE1ofKSRg9SCQOagy343B1FBc0Decohp/view?usp=sharing",NULL,NULL
"124","KA.405/SK.59/DJKA/4/2018","2018-04-18","SK Dirjen tentang Penetapan Identitas 1 unit Peralatan Khsus jenis Langsiran (Shunting Loc)","5","1","https://drive.google.com/file/d/1Z5F6Oxt4NTscPbVKJC74BKU7fp7aRX4z/view?usp=sharing",NULL,NULL
"125","KA.405/SK.60/DJKA/4/2018","2018-04-24","SK Dirjen tentang Penetapan Identitas 8 Trainset Yang terdiri Dari 24 unit LRT Palembang","2","24","https://drive.google.com/file/d/1K5hsLIAIF0jvegKAtEjs5nH-O17NTMvf/view?usp=sharing",NULL,NULL
"126","KA.405/SK.64/DJKA/4/2018","2018-04-30","SK Dirjen tentang Penetapan Identitas 8 Trainset Yang terdiri Dari 16 unit LRT Jakarta","6","16","https://drive.google.com/file/d/1I6G4H4vcgvGheEMGty0K6pj1OQDtIMkf/view?usp=sharing",NULL,NULL
"127","KA.405/SK.70/DJKA/5/2018","2018-05-14","SK Dirjen tentang Penetapan Identitas 20 unit Kereta Yang Ditarik Lokomotif","2","20","https://drive.google.com/file/d/1Bq4S7GfpELqitXVaFRb3yXiELdLUDmG7/view?usp=sharing",NULL,NULL
"128","KA.405/SK.73/DJKA/5/2018","2018-05-16","SK Dirjen tentang Penetapan Identitas 12 unit Kereta Yang Ditarik Lokomotif","2","12","https://drive.google.com/file/d/1zVR_54C4amjzRFyypK3l9ABvIMw6os7M/view?usp=sharing",NULL,NULL
"129","KA.405/SK.75/DJKA/5/2018","2018-05-23","SK Dirjen tentang Penetapan Identitas 10 unit KRL Seri 6000 Metro","3","10","https://drive.google.com/file/d/1Tt1_cflQGKnRcpojq1hrqqhyj3B3cnOZ/view?usp=sharing",NULL,NULL
"130","KA.405/SK.76/DJKA/VI/2018","2018-06-06","SK Dirjen tentang Penetapan Identitas 24 unit KRL Seri JR 205","3","24","https://drive.google.com/file/d/1254QpSUHYkXZayKmOehVdBDR9WQ9HW1k/view?usp=sharing",NULL,NULL
"131","KA.405/SK.77/DJKA/VI/2018","2018-06-06","SK Dirjen tentang Penetapan Identitas 4 unit Kereta Yang Ditarik Lokomotif","2","4","https://drive.google.com/file/d/1opzQ-d6k-JYmP0aKDEFvEyT_isiMhIMI/view?usp=sharing",NULL,NULL
"132","KA.405/SK.78/DJKA/VI/2018","2018-06-06","SK Dirjen tentang Perubahan dan Penetapan Identitas 15 unit Kereta Penolong (SN)","2","15","https://drive.google.com/file/d/1iyU36M3lPcvs-GFa6lkYQgyYa4tVtlKV/view?usp=sharing",NULL,NULL
"133","KA.405/SK.96/DJKA/VIII/2018","2018-08-09","SK Dirjen tentang Perubahan dan Penetapan Identitas 1 unit Kereta Yang Ditarik Lokomotif","2","1","https://drive.google.com/file/d/1pYI4dM-t1kZ58KoP9ITEroyEDe4Ct2lk/view?usp=sharing",NULL,NULL
"134","KA.405/SK.104/DJKA/VIII/2018","2018-09-27","SK Dirjen tentang Penetapan Identitas 24 unit Kereta Yang Ditarik Lokomotif","2","24","https://drive.google.com/file/d/1luYAt8Jvkz3XVfvLf8XBGJPjIOtqO3vE/view?usp=sharing",NULL,NULL
"135","KA.405/SK.120/DJKA/IX/2018","2018-10-02","SK Dirjen tentang Penetapan Identitas 16 unit Kereta Yang Ditarik Lokomotif","2","16","https://drive.google.com/file/d/1L_D9JKWL-6ylXt3m5Jog34dDNFZ1p3yA/view?usp=sharing",NULL,NULL
"136","KA.405/SK.133/DJKA/X/18","2018-10-24","SK Dirjen tentang Penetapan Identitas 42 unit Kereta Yang Ditarik Lokomotif","2","42","https://drive.google.com/file/d/1qtnxU8_LpnwANzunORlEu7K8vSTJkplz/view?usp=sharing",NULL,NULL
"137","KA.405/SK.136/DJKA/X/18","2018-10-26","SK Dirjen tentang Penetapan Identitas 22 unit Kereta Yang Ditarik Lokomotif","2","22","https://drive.google.com/file/d/1m2LMwx65Dp0FlEtOYU7gLBv1frjwpCMz/view?usp=sharing",NULL,NULL
"138","KA.405/SK.148/DJKA/XI/18","2018-11-26","SK Dirjen tentang Penetapan Identitas 10 unit Kereta Yang Ditarik Lokomotif","2","10","https://drive.google.com/file/d/1eIV3EbkphZv97NmWWt00VXP-yguE4aqU/view?usp=sharing",NULL,NULL
"139","KA.405/SK.149/DJKA/XI/18","2018-11-26","SK Dirjen tentang Penetapan Identitas 24 unit KRL Seri JR 205","3","24","https://drive.google.com/file/d/1fDlTSP2OKsBE0R2UY0SeS3-DLplIUkcz/view?usp=sharing",NULL,NULL
"140","KA.405/SK.150/DJKA/XI/18","2018-11-26","SK Dirjen tentang Penetapan Identitas 12 unit Kereta Yang Ditarik Lokomotif","2","12","https://drive.google.com/file/d/1Pxjc9fZuVcrbW9jJoKynIKOXmVrF1L42/view?usp=sharing",NULL,NULL
"141","KA.405/SK.153/DJKA/XI/18","2018-11-29","SK Dirjen tentang Penetapan Identitas 1 unit Peralatan Khsus jenis Kereta Ukur Uji Dinamis Sarana (FUIKA)","1","1","https://drive.google.com/file/d/1nPOaBgnrBHhkglGgBheYYqG8r6OcBYrC/view?usp=sharing",NULL,NULL
"142","KA.405/SK.160/DJKA/XII/18","2018-12-26","SK Dirjen tentang Penetapan Identitas 22 unit Kereta Yang Ditarik Lokomotif","2","22","https://drive.google.com/file/d/1O4GOV1YmIje63jRZIKcjv3G2tLlKYzbR/view?usp=sharing",NULL,NULL
"143","KA.405/SK.162/DJKA/XII/18","2018-12-31","SK Dirjen tentang Penetapan Identitas 22 unit Kereta Yang Ditarik Lokomotif","2","22","https://drive.google.com/file/d/1lw-u91SlOIY99YedvRxgefeY8uWVecV2/view?usp=sharing",NULL,NULL
"144","KA.405/SK.13/DJKA/I/19","2019-01-31","SK Dirjen tentang Penetapan Identitas 22 unit Kereta Yang Ditarik Lokomotif","2","22","https://drive.google.com/file/d/1JEhoSaqz00i8nnlC4p1ELh2eQyG_UXAM/view?usp=sharing",NULL,NULL
"145","KA.405/SK.19/DJKA/II/19","2019-02-22","SK Dirjen tentang Penetapan Identitas 10 Unit KRL Seri 6000 Tokyo Metro","3","10","https://drive.google.com/file/d/1uoVoscicnQPZAjdWgCxXnJHSmbIUBcUT/view?usp=sharing",NULL,NULL
"146","KA.405/SK.23/DJKA/III/19","2019-03-21","SK Dirjen tentang Penetapan Identitas 34 unit Kereta Yang Ditarik Lokomotif","2","34","https://drive.google.com/file/d/1NdInZ8Kvn_6UxbeHe1ty6F8os07UX-l1/view?usp=sharing",NULL,NULL
"147","KA.405/SK.24/DJKA/IV/19","2019-04-09","SK Dirjen tentang Penetapan Identitas 24 Unit KRL Seri JR 205","3","24","https://drive.google.com/file/d/1SVYOGC_Wkugx_j1veK91zZqydBmj4dnN/view?usp=sharing",NULL,NULL
"148","KA.405/SK.26/DJKA/IV/19","2019-04-24","SK Dirjen tentang Penetapan Identitas 19 unit Kereta Yang Ditarik Lokomotif","2","19","https://drive.google.com/file/d/1BYMYPaSleepbo5suPUQ5drd93iiAuNPJ/view?usp=sharing",NULL,NULL
"149","KA.405/SK.31/DJKA/V/19","2019-05-08","SK Dirjen tentang Penetapan Identitas 21 unit Kereta Yang Ditarik Lokomotif","2","21","https://drive.google.com/file/d/1a_DYSkmdjKkAdy0DtQAoGi387h9Nm28Q/view?usp=sharing",NULL,NULL
"150","KA.405/SK.34/DJKA/V/19","2019-05-17","SK Dirjen tentang Penetapan Identitas 22 unit Kereta Yang Ditarik Lokomotif","2","22","https://drive.google.com/file/d/1UQOAt_UhMrBgOpZR8hTZrkUslpm2m99T/view?usp=sharing",NULL,NULL
"151","KA.405/SK.36/DJKA/V/19","2019-05-29","SK Dirjen tentang Penetapan Identitas 40 Unit KRL Seri JR 205","3","40","https://drive.google.com/file/d/1dCiIBI4-8mIM0zKl1Hp28iP003UjPXep/view?usp=sharing",NULL,NULL
"152","KA.405/SK.47/DJKA/VII/19","2019-07-11","SK Dirjen tentang Penetapan Identitas 28 unit Kereta Yang Ditarik Lokomotif","2","28","https://drive.google.com/file/d/1pBXm7Sl7w-GyvIoK5cIK8HDoQU0EGMiK/view?usp=sharing",NULL,NULL
"153","KA.405/SK.76/DJKA/IX/19","2019-09-19","SK Dirjen tentang Penetapan Identitas 40 Unit KRL Seri JR 205","3","40","https://drive.google.com/file/d/1j526K1svkG9wNO4Oy0kBnBQOQGo7ktcG/view?usp=sharing",NULL,NULL
"154","KA.405/SK.94/DJKA/X/19","2019-10-24","SK Dirjen tentang Penetapan Identitas 1 Trainset Yang Terdiri Dari 6 unit Kereta Api Ringan (LRT) Jaboebek","2","6","https://drive.google.com/file/d/15dQD3SZJb8nNOGqAi8Sk7fevsavAyy0d/view?usp=sharing",NULL,NULL
"155","KA.405/SK.100/DJKA/19","2019-11-28","SK Dirjen tentang Penetapan Identitas 40 Unit KRL Seri JR 205","3","40","https://drive.google.com/file/d/1HOHRXjU-LwbQfrQff7H-Ewx4yuR7_hRr/view?usp=sharing",NULL,NULL
"156","KA.405/SK.97/DJKA/19","2019-11-28","SK Dirjen tentang Penetapan Identitas 1 unit Rail Klinik","2","1","https://drive.google.com/file/d/1C6kqlRDNqiAITvYaxILkm1ItueI1mMZ-/view?usp=sharing",NULL,NULL
"157","KA.405/SK.4/DJKA/20","2020-01-08","SK Dirjen tentang Penetapan Identitas 3 Trainset Yang Terdiri Dari 18 unit Kereta Api Ringan (LRT) Jaboebek","2","18","https://drive.google.com/file/d/1VPq6poIBYkILMAOeg9bsecmIX2XZxKjp/view?usp=sharing",NULL,NULL
"158","KA.405/SK.6/DJKA/20","2020-01-28","SK Dirjen tentang Penetapan Identitas 24 Unit KRL Seri JR 205","3","24","https://drive.google.com/file/d/1x7TVnBiuz8uJ85Gj4kITlaN1VZUQUUaD/view?usp=sharing",NULL,NULL
"159","KA.405/SK.8/DJKA/20","2020-01-31","SK Dirjen tentang Penetapan Identitas 276 Gerbong Datar","2","276","https://drive.google.com/file/d/1P0RLL6FAjmjVAD8uFMkIKlh5CR0IpGh9/view?usp=sharing",NULL,NULL
"160","KA.405/A.217/DJKA/2020","2020-05-06","SK Dirjen tentang Penetapan Identitas 24 Unit KRL Seri JR 205","3","24","https://drive.google.com/file/d/1HWQQWu2Pxxg2gwE5mPf6TaEhIEQ8qSBo/view?usp=sharing",NULL,NULL
"161","KP.405/SK.45/DJKA/2020","2020-06-25","SK Dirjen tentang Penetapan Identitas 9 Trainset Yang Terdiri Dari 54 unit Kereta Api Ringan (LRT) Jaboebek","2","54","https://drive.google.com/file/d/1B_f2goGuVg-hn7cDhfNW2FHOudE5G_yz/view?usp=sharing",NULL,NULL
"162","KP.405/SK.46/DJKA/2020","2020-06-25","SK Dirjen tentang Penetapan Identitas 24 Unit KRL Seri JR 205","3","24","https://drive.google.com/file/d/1uel4nLXOR4P9tpUlu8J-E-7dC11S-OlF/view?usp=sharing",NULL,NULL
"163","KA.405/SK.70/DJKA/2020","2020-07-30","SK Dirjen tentang Penetapan Identitas 24 Unit KRL Seri JR 205","3","24","https://drive.google.com/file/d/1tuUJkcF3GjL338COSnx4POId-dfRbVbi/view?usp=sharing","2020-09-03 01:26:38","2020-09-03 01:26:38"
"164","KA.405/SK.74/DJKA/2020","2020-10-05","SK Dirjen tentang Penetapan Identitas 1 Unit Peralatan Khusus Jenis Langsiran (Shunting Loc)","1","1","https://drive.google.com/file/d/1uNVpKzLVuocKSZGZkqbHBMFe9Pmc9QFL/view?usp=sharing","2020-11-26 01:14:12","2020-11-26 01:14:12"
"165","HK.209/SK.81/DJKA/2020","2020-11-24","SK Dirjen tentang Penetapan Identitas 1 unit Peralatan Khusus Jenis Pembangunan dan Perawatan Jalan Rel","13","1","https://drive.google.com/file/d/1CXajHqOG7_S7oUaqckXq8UfyFCnxQ2x3/view?usp=sharing","2020-12-07 07:00:23","2020-12-07 07:00:23"
"166","HK.205/SK.83/DJKA/2020","2020-12-10","SK Dirjen tentang Penetapan Identitas 24 Unit KRL Seri JR 205","3","24","https://drive.google.com/file/d/13VH1wcVKF0lE7tWyhy2FHtDFiCDw-0zs/view?usp=sharing","2020-12-15 06:52:03","2020-12-15 06:52:03"
"167","KA.405/SK.85/DJKA/2020","2020-12-17","SK Dirjen tentang Penetapan Identitas 7 Trainset Yang Terdiri Dari 42 unit Kereta Api Ringan (LRT) Jaboebek","2","42","https://drive.google.com/file/d/1gHbp0GW0gayAOQSjj-so_tPpoymKSMcI/view?usp=sharing","2021-02-03 04:07:01","2021-02-03 04:07:01"
"169","HK.001/1/3/DJKA/2021","2021-03-23","SK Dirjen tentang Penetapan Identitas 11 Trainset Yang terdiri dari 66 unit Kereta Api Ringan (LRT) Jabodebek","2","66","https://drive.google.com/file/d/15HISsg-IGuiYaSg7ytul1YUOj-0fqFTn/view?usp=sharing","2021-04-14 06:20:11","2021-04-14 06:20:11"
"170","KA.607/1/1/DJKA/2021","2021-04-05","SK Dirjen tentang Penetapan Identitas 4 unit Peralatan Khusus","2","4","https://drive.google.com/file/d/15NK8q7gjx_vSLb3LBChgstsV_AMt2T-W/view?usp=sharing","2021-04-14 06:22:02","2021-04-14 06:22:02"
"171","HK.209/1/24/DJKA/2021","2021-05-20","SK Dirjen tentang Perubahan dan Penetapan Identitas 3 unit K2 menjadi K1","2","3","https://drive.google.com/file/d/1FFQeqUWGuRc_EYM5XGZ_a0oV66njUQAT/view?usp=sharing","2021-05-27 02:35:16","2021-05-27 02:35:16"
"172","HK.209/1/25/DJKA/2021","2021-05-20","SK Dirjen tentang Perubahan dan Penetapan Identitas 15 unit Kereta Bagasi Menjadi Kereta Penolong (SN)","2","15","https://drive.google.com/file/d/1Q8EK3LUodX2-4JhZdPdZ9A3YRvvVejx3/view?usp=sharing","2021-05-27 02:37:30","2021-05-27 02:37:30"
"173","HK.209/2/1/DJKA/2021","2021-05-20","SK Dirjen tentang Perubahan dan Penetapan Identitas 14 unit KRD menjadi Peralatan Khusus","2","14","https://drive.google.com/file/d/1ZDUc5Mh0V3WG4A9gmX5decEBNriVn7CC/view?usp=sharing","2021-05-27 02:39:36","2021-05-27 02:39:36"
"174","KA.209/2/2/DJKA/2021","2021-05-31","SK Dirjen tentang Penetapan Identitas 5 unit Peraaltan Khusus (SR)","2","5","https://drive.google.com/file/d/1NGaIeJ8BtT81Qb5GeGrYb12Wn5qQ_Jvl/view?usp=sharing","2021-06-04 07:13:11","2021-06-04 07:13:11"
